{
  "version": "1.0",
  "defaultProvider": "cdnjs",
  "libraries": [
    {
      "library": "jquery@3.6.0",
      "destination": "wwwroot/lib/jquery/",
      "files": [
        "jquery.min.js"
      ]
    }
  ,
{
  "library": "jquery-validate@1.19.3",
  "destination": "wwwroot/lib/jquery-validate/",
  "files": [
    "jquery.validate.min.js"
  ]
}
,
{
  "library": "jquery-validation-unobtrusive@3.2.12",
  "destination": "wwwroot/lib/jquery-validation-unobtrusive/",
  "files": [
    "jquery.validate.unobtrusive.min.js"
  ]
}
]
}